#gemeente,provincie,inwoners,landoppervlakte,inwoners/km,gem. inkomen per inw.,hoofdplaats,grootste plaatsen
 's Hertogenbosch 's Hertogenbosch, Noord Brabant,143.745,84.63,1620.26,13.900,s-hertogenbosch,s-hertogenbosch. Rosmalen. Empel. Hintham
 Aa en Hunze Aa en Hunze, Drenthe,25.333,276.35,92.86,13.400,Gieten,Annen. Eext. Gasselternijveen. Rolde
 Aalburg Aalburg, Noord Brabant,12.859,50.40,244.68,12.500,Wijk en Aalburg,Eethen. Genderen. Meeuwen. Veen
 Aalsmeer Aalsmeer, Noord Holland,30.792,20.58,1413.07,14.700,Aalsmeer,Kudelstaart
 Aalten Aalten, Gelderland,27.030,96.57,285.63,11.900,Aalten,Bredevoort. De Heurne. Dinxperlo
 Achtkarspelen Achtkarspelen, Friesland,28.002,102.61,274.04,11.400,Buitenpost,Buitenpost. Surhuisterveen. Harkema. Kootstertille. Twijzelerheide
 Alblasserdam Alblasserdam, Zuid Holland,19.822,8.78,2123.92,12.300,Alblasserdam,Alblasserdam
 Albrandswaard Albrandswaard, Zuid Holland,25.044,22.18,985.66,15.100,Poortugaal,Rhoon
 Alkmaar Alkmaar, Noord Holland,94.906,29.41,3184.89,13.200,Alkmaar,Koedijk. Oudorp
 Almelo Almelo, Overijssel,72.435,67.43,1072.16,11.900,Almelo,Aadorp. Bornerbroek. Mariaparochie
 Almere Almere, Flevoland,196.156,130.47,1413.46,12.500,Almere Stad,Almere. Haven. Buiten. Hout. Almere Poort
 Alphen aan den Rijn Alphen aan den Rijn, Zuid Holland,106.809,126.58,843.42,14.000,Alphen aan den Rijn,Benthuizen. Boskoop. Hazerswoude Dorp. Hazerswoude Rijndijk en Koudekerk aan den Rijn
 Alphen Chaam Alphen Chaam, Noord Brabant,9.712,93.18,101.44,13.800,Alphen,Alphen. Chaam. Galder. Strijbeek
 Ameland Ameland, Friesland,3.565,60.02,57.58,11.700,Ballum,Buren. Hollum. Nes
 Amersfoort Amersfoort, Utrecht,150.943,62.88,2263.02,13.900,Amersfoort,Hoogland. Hooglanderveen
 Amstelveen Amstelveen, Noord Holland,85.135,41.56,1897.43,16.200,Amstelveen,Bovenkerk. Nes aan de Amstel
 Amsterdam Amsterdam, Noord Holland,810.909,165.34,4540.77,13.900,Amsterdam,Amsterdam stadsdelen. Centrum ? Noord ? West ? Nieuw West ? Zuid ? Oost ? Zuidoost ? Westpoort
 Apeldoorn Apeldoorn, Gelderland,157.535,339.96,455.82,13.400,Apeldoorn,Beekbergen. Ugchelen. Wenum Wiesel
 Appingedam Appingedam, Groningen,12.049,23.84,510.28,12.200,Appingedam,Appingedam
 Arnhem Arnhem, Gelderland,150.817,98.25,1466.68,12.800,Arnhem,Arnhem
 Assen Assen, Drenthe,67.209,82.09,788.77,12.600,Assen,Loon. Ubbena
 Asten Asten, Noord Brabant,16.479,70.34,232.99,12.900,Asten,Heusden. Ommel
 Baarle Nassau Baarle Nassau, Noord Brabant,6.617,76.27,87.37,12.900,Baarle Nassau,Baarle Nassau
 Baarn Baarn, Utrecht,24.344,32.56,749.20,15.100,Baarn,Eembrugge. Lage Vuursche
 Barendrecht Barendrecht, Zuid Holland,47.375,20.27,2143.95,14.400,Barendrecht,Smitshoek
 Barneveld Barneveld, Gelderland,54.176,176.02,290.97,12.200,Barneveld,Garderen. Kootwijkerbroek. Terschuur. Voorthuizen
 Bedum Bedum, Groningen,10.475,44.58,238.47,12.200,Bedum,Bedum. Zuidwolde
 Beek Beek, Limburg,16.268,21.00,797.90,13.400,Beek,Beek. Genhout. Geverik. Neerbeek. Spaubeek
 Beemster Beemster, Noord Holland,8.919,70.54,119.68,14.600,Middenbeemster,Noordbeemster. Westbeemster. Zuidoostbeemster
 Beesel Beesel, Limburg,13.593,28.32,481.29,12.600,Reuver,Reuver. Offenbeek
 Bellingwedde Bellingwedde, Groningen,8.908,108.40,87.17,11.600,Wedde,Bellingwolde. Blijham. Vriescheloo. Rhederbrug
 Bergambacht Bergambacht, Zuid Holland,9.983,35.09,271.53,13.500,Bergambacht,Ammerstol. Berkenwoude
 Bergeijk Bergeijk, Noord Brabant,18.250,101.04,179.44,13.400,Bergeijk,Loo. Luyksgestel. Riethoven. Westerhoven
 Bergen (Limburg) Bergen, Limburg,13.230,105.25,128.49,11.800,Nieuw Bergen,Afferden. Nieuw Bergen. Siebengewald. Well
 Bergen (Noord Holland) Bergen, Noord Holland,30.075,97.17,321.44,15.500,Bergen( Binnen),Bergen. Egmond aan Zee. Schoorl
 Bergen op Zoom Bergen op Zoom, Noord Brabant,66.423,80.76,808.57,12.800,Bergen op Zoom,Bergen op Zoom. Halsteren
 Berkelland Berkelland, Gelderland,44.650,258.72,174.46,12.400,Borculo,Eibergen. Neede. Ruurlo. Borculo 
 Bernheze Bernheze, Noord Brabant,29.703,89.77,331.25,13.200,Heesch,Heesch. Heeswijk Dinther. Nistelrode
 Bernisse Bernisse, Zuid Holland,12.368,57.34,219.31,14.100,Abbenbroek,Abbenbroek. Zuidland. Heenvliet
 Best Best, Noord Brabant,28.594,34.28,846.59,13.700,Best,Best. Aarle. Batadorp
 Beuningen Beuningen, Gelderland,25.254,43.86,575.85,13.100,Beuningen,Beuningen. Ewijk. Weurt. Winssen
 Beverwijk Beverwijk, Noord Holland,40.052,18.57,1992.73,13.300,Beverwijk,Wijk aan Zee
 Binnenmaas Binnenmaas, Zuid Holland,28.682,50.34,569.71,14.600,Maasdam,s-Gravendeel. Puttershoek. Mijnsheerenland. Heinenoord. Maasdam . Westmaas
 Bladel Bladel, Noord Brabant,19.825,75.42,253.57,13.000,Bladel,Bladel. Casteren
 Blaricum Blaricum, Noord Holland,9.112,11.13,815.99,21.500,Blaricum,Blaricum
 Bloemendaal Bloemendaal, Noord Holland,22.077,37.93,444.92,22.400,Overveen,Aerdenhout. Bennebroek. Overveen
 Bodegraven Reeuwijk Bodegraven Reeuwijk, Zuid Holland,32.986,37.48,516.51,13.500,Bodegraven,Nieuwerbrug. Reeuwijk Brug
 Boekel Boekel, Noord Brabant,10.089,34.51,277.92,12.200,,Venhorst
 Borger Odoorn Borger Odoorn, Drenthe,25.633,275.18,95.64,12.200,Exloo,Nieuw Buinen. Borger. Valthermond. Tweede Exlo?rmond
 Borne Borne, Overijssel,21.901,26.00,794.88,13.100,Borne,Borne
 Borsele Borsele, Zeeland,22.592,142.03,158.65,12.600,Heinkenszand,s-Gravenpolder. 's Heerenhoek. Heinkenszand. Lewedorp
 Boxmeer Boxmeer, Noord Brabant,28.135,111.56,256.76,13.300,Boxmeer,Boxmeer. Overloon. Vierlingsbeek
 Boxtel Boxtel, Noord Brabant,30.325,63.70,473.16,13.200,Boxtel,Boxtel. Liempde
 Breda Breda, Noord Brabant,179.999,126.87,1348.88,13.800,Breda,Bavel. Prinsenbeek. Teteringen. Ulvenhout
 Brielle Brielle, Zuid Holland,16.306,27.49,559.88,14.600,Brielle,Brielle
 Bronckhorst Bronckhorst, Gelderland,36.941,283.63,133.04,13.400,Bronckhorst,Bronckhorst. Zelhem. Vorden. Hengelo . Steenderen
 Brummen Brummen, Gelderland,21.169,84.01,252.74,13.400,Brummen,Eerbeek. Brummen
 Brunssum Brunssum, Limburg,28.914,17.17,1679.66,12.000,Brunssum,Brunssum
 Bunnik Bunnik, Utrecht,14.619,36.95,383.36,15.900,Odijk,Bunnik. Odijk
 Bunschoten Bunschoten, Utrecht,20.547,30.50,640.56,12.400,Bunschoten Spakenburg,Spakenburg. Bunschoten
 Buren Buren, Gelderland,25.995,134.66,190.64,13.400,Maurik,Lienden. Buren. Maurik . Beusichem
 Bussum Bussum, Noord Holland,32.646,8.06,3902.48,17.300,Bussum,Bussum
 Capelle aan den IJssel Capelle aan den IJssel, Zuid Holland,66.177,14.30,4563.29,13.900,Capelle aan den IJssel,Capelle aan den IJssel. 's Gravenland. Middelwatering. Oostgaarde. Schollevaar
 Castricum Castricum, Noord Holland,34.244,49.50,702.08,15.000,Castricum,Akersloot. Castricum. Limmen
 Coevorden Coevorden, Drenthe,35.771,296.68,121.41,12.300,Coevorden,Dalen. Schoonoord. Sleen
 Cranendonck Cranendonck, Noord Brabant,20.388,76.79,263.71,13.300,Budel,Budel. Maarheeze
 Cromstrijen Cromstrijen, Zuid Holland,12.748,54.37,237.59,14.300,Numansdorp,Numansdorp
 Cuijk Cuijk, Noord Brabant,24.780,52.50,461.75,12.500,Cuijk,Cuijk. Haps
 Culemborg Culemborg, Gelderland,27.579,29.58,920.42,13.400,Culemborg,Culemborg
 Dalfsen Dalfsen, Overijssel,27.655,165.18,161.31,12.700,Dalfsen,Dalfsen. Lemelerveld. Nieuwleusen
 Dantumadeel Dantumadeel, Friesland,19.035,85.78,226.95,11.100,Damwald,Broeksterwoude. Damwoude. Veenwouden. Zwaagwesteinde
 De Bilt De Bilt, Utrecht,42.013,66.33,633.15,16.700,Bilthoven,Bilthoven. De Bilt. Maartensdijk
 De Friese Meren De Friese Meren, Friesland,51.223,356.43,143.64,12.334,Joure,Bakhuizen. Balk. Echtenerbrug. Joure. Lemmer. Oudehaske. Oudemirdum. Sintjohannesga. Sint Nicolaasga
 De Marne De Marne, Groningen,10.205,167.45,63.97,11.900,Leens,Ulrum. Leens
 De Ronde Venen De Ronde Venen, Utrecht,42.648,84.40,490.15,15.000,,Mijdrecht. Vinkeveen. Wilnis. Abcoude
 De Wolden De Wolden, Drenthe,23.592,224.78,104.93,12.700,,Zuidwolde. Ruinen. Ruinerwold. de Wijk
 Delft Delft, Zuid Holland,99.973,23.21,4103.27,13.000,Delft,Delft
 Delfzijl Delfzijl, Groningen,25.686,132.47,208.20,12.100,Delfzijl,Delfzijl. Farmsum. Wagenborgen
 Den Haag Den Haag, Zuid Holland,508.592,82.66,5794.19,13.400,Den Haag,Den Haag. Centrum. Escamp. Haagse Hout. Laak. Leidschenveen Ypenburg. Loosduinen. Scheveningen. Segbroek
 Den Helder Den Helder, Noord Holland,56.553,45.43,1279.18,12.600,Den Helder,Den Helder. Julianadorp
 Deurne Deurne, Noord Brabant,31.669,117.10,271.45,12.800,Deurne,Deurne
 Deventer Deventer, Overijssel,98.327,131.31,738.39,12.500,Deventer,Bathmen. Colmschate. Deventer. Diepenveen. Schalkhaar
 Diemen Diemen, Noord Holland,25.980,11.99,1992.58,14.100,Diemen,Diemen
 Dinkelland Dinkelland, Overijssel,25.937,175.78,148.33,12.400,Denekamp,Denekamp. Ootmarsum. Weerselo
 Doesburg Doesburg, Gelderland,11.449,11.64,992.44,12.600,Doesburg,Doesburg
 Doetinchem Doetinchem, Gelderland,56.350,79.14,711.14,12.700,Doetinchem,Doetinchem. Gaanderen. Wehl
 Dongen Dongen, Noord Brabant,25.389,29.34,868.10,12.900,Dongen,Dongen
 Dongeradeel Dongeradeel, Friesland,24.183,167.27,148.14,11.400,Dokkum,Anjum. Dokkum. Holwerd. Ternaard
 Dordrecht Dordrecht, Zuid Holland,118.716,79.53,1487.28,12.900,Dordrecht,Dordrecht. Binnenstad. Sterrenburg. Dubbeldam
 Drechterland Drechterland, Noord Holland,19.257,59.17,315.87,13.800,Hoogkarspel,Hoogkarspel
 Drimmelen Drimmelen, Noord Brabant,26.705,96.24,276.53,13.700,Made,Lage Zwaluwe. Made . Terheijden
 Dronten Dronten, Flevoland,40.451,334.35,114.71,12.200,Dronten,Dronten. Biddinghuizen. Swifterbant
 Druten Druten, Gelderland,18.206,38.02,476.22,12.600,Druten,Afferden. Deest. Horssen
 Duiven Duiven, Gelderland,25.580,34.06,751.88,12.600,Duiven,Duiven. Groessen
 Echt Susteren Echt Susteren, Limburg,31.940,103.20,312.99,12.700,Echt,Echt. Nieuwstadt. Pey. Susteren
 Edam Volendam Edam Volendam, Noord Holland,28.934,16.31,1747.64,13.900,Volendam,Edam. Volendam
 Ede Ede, Gelderland,110.657,318.33,337.89,12.900,Ede,Ede. Bennekom. Lunteren
 Eemnes Eemnes, Utrecht,8.773,31.03,287.85,14.400,Eemnes,Eemnes
 Eemsmond Eemsmond, Groningen,15.910,189.63,87.57,11.200,Uithuizen,Uithuizen. Uithuizermeeden. Warffum
 Eersel Eersel, Noord Brabant,18.201,82.44,219.69,13.800,Eersel,Duizel. Eersel. Knegsel. Steensel. Vessem. Wintelre
 Eijsden Margraten Eijsden Margraten, Limburg,24.980,77.40,323,13.300,Eijsden,Banholt. Cadier en Keer. Eijsden. Gronsveld. Margraten. Mheer. Noorbeek. Sint Geertruid
 Eindhoven Eindhoven, Noord Brabant,220.782,87.75,2403.15,13.400,Eindhoven,Eindhoven. Centrum. Tongelre. Gestel. Stratum. Strijp. Woensel
 Elburg Elburg, Gelderland,22.658,63.83,348.32,12.100,Elburg,Doornspijk. Elburg. 't Harde
 Emmen Emmen, Drenthe,108.003,337.48,322.77,11.900,Emmen,Emmen. Emmer Compascuum. Erica. Klazienaveen. Zwartemeer
 Enkhuizen Enkhuizen, Noord Holland,18.395,12.42,1435.99,12.900,Enkhuizen,Enkhuizen
 Enschede Enschede, Overijssel,158.542,141.09,1098.58,11.500,Enschede,Enschede. Glanerbrug
 Epe Epe, Gelderland,32.352,156.21,211.29,13.100,Epe,Epe. Vaassen
 Ermelo Ermelo, Gelderland,26.080,85.67,307.04,13.700,Ermelo,Ermelo. Horst
 Etten Leur Etten Leur, Noord Brabant,42.351,55.46,731.84,13.100,Etten Leur,Etten. Leur
 Ferwerderadeel Ferwerderadeel, Friesland,8.771,97.65,90.79,11.400,Ferwert,Burdaard. Ferwerd. Hallum. Marrum
 Franekeradeel Franekeradeel, Friesland,20.437,102.72,200.74,11.800,Aneker,Aneker. Sexbierum. Tzum. Tzummarum
 Geertruidenberg Geertruidenberg, Noord Brabant,21.597,27.02,768.54,13.300,Raamsdonksveer,Geertruidenberg. Raamsdonksveer
 Geldermalsen Geldermalsen, Gelderland,26.339,99.70,263.18,13.800,Geldermalsen,Beesd. Geldermalsen. Meteren
 Geldrop Mierlo Geldrop Mierlo, Noord Brabant,38.854,31.06,1218.18,13.700,Geldrop,Geldrop. Mierlo
 Gemert Bakel Gemert Bakel, Noord Brabant,29.354,122.75,227.60,12.500,Gemert,Gemert
 Gennep Gennep, Limburg,17.285,48.02,352.12,13.000,Gennep,Gennep. Heijen. Milsbeek. Ottersum
 Giessenlanden Giessenlanden, Zuid Holland,14.423,63.57,227.59,14.100,Hoornaar,Arkel. Giessenburg. Hoornaar 
 Gilze en Rijen Gilze en Rijen, Noord Brabant,26.013,65.54,386.80,12.800,Rijen,Gilze. Rijen
 Goeree Overflakkee Goeree Overflakkee, Zuid Holland,48.233,262.03,181.50,13.000,Middelharnis,Middelharnis. Ouddorp. Dirksland
 Goes Goes, Zeeland,36.977,92.84,395.98,13.400,Goes,Goes. 's Heer Hendrikskinderen. Kloetinge. Wolphaartsdijk
 Goirle Goirle, Noord Brabant,23.060,42.04,526.90,14.000,Goirle,Goirle. Riel
 Gorinchem Gorinchem, Zuid Holland,35.252,18.96,1813.08,12.800,Gorinchem,Dalem
 Gouda Gouda, Zuid Holland,70.923,16.92,4189.18,13.400,Gouda,Gouda
 Graft De Rijp Graft De Rijp, Noord Holland,6.433,20.10,327.26,14.200,De Rijp,De Rijp
 Grave Grave, Noord Brabant,12.696,27.21,468.47,12.700,Grave,Escharen. Gassel. Grave. Velp
 Groesbeek Groesbeek, Gelderland,18.956,44.12,429.44,12.800,Groesbeek,Breedeweg. Groesbeek
 Groningen (gemeente) Groningen, Groningen,198.108,79.59,2271.94,12.300,Groningen,Groningen. Hoogkerk
 Grootegast Grootegast, Groningen,12.193,86.88,139.91,11.400,Grootegast,Grootegast. Niekerk. Opende
 Gulpen Wittem Gulpen Wittem, Limburg,14.492,73.18,202.46,13.000,Gulpen,Gulpen. Wijlre
 Haaksbergen Haaksbergen, Overijssel,24.357,104.92,231.99,12.600,Haaksbergen,Haaksbergen
 Haaren Haaren, Noord Brabant,13.578,57.67,239.14,13.900,Haaren,Haaren. Helvoirt
 Haarlem Haarlem, Noord Holland,155.205,29.32,5039.50,14.200,Haarlem,Haarlem
 Haarlemmerliede en Spaarnwoude Haarlemmerliede en Spaarnwoude, Noord Holland,5.547,19.25,284.83,14.700,Halfweg,Halfweg. Spaarndam
 Haarlemmermeer Haarlemmermeer, Noord Holland,144.166,179.76,787.03,14.400,Hoofddorp,Hoofddorp
 Halderberge Halderberge, Noord Brabant,29.379,74.64,393.68,13.500,Oudenbosch,Hoeven. Oud Gastel. Oudenbosch
 Hardenberg Hardenberg, Overijssel,59.592,312.87,185.72,11.800,Hardenberg,Dedemsvaart. Hardenberg
 Harderwijk Harderwijk, Gelderland,45.741,38.46,1096.78,12.700,Harderwijk,Harderwijk. Hierden
 Hardinxveld Giessendam Hardinxveld Giessendam, Zuid Holland,17.736,16.91,1040.63,12.400,Neder Hardinxveld,Boven Hardinxveld. Giessendam/Neder Hardinxveld
 Haren Haren, Groningen,18.790,45.69,411.18,16.300,Haren,Haren. Glimmen
 Harlingen Harlingen, Friesland,15.810,25.18,612.59,12.000,Harlingen,Harlingen
 Hattem Hattem, Gelderland,11.742,23.12,503.81,13.700,Hattem,Hattem
 Heemskerk Heemskerk, Noord Holland,39.092,27.48,1418.89,13.700,Heemskerk,Heemskerk
 Heemstede Heemstede, Noord Holland,26.320,9.20,2783.48,17.800,Heemstede,Heemstede
 Heerde Heerde, Gelderland,18.515,78.73,230.00,13.100,Heerde,Heerde. Wapenveld
 Heerenveen Heerenveen, Friesland,49.388,135.18,316.69,12.900,Heerenveen,Heerenveen. Jubbega. Nieuwehorne. Oudeschoot
 Heerhugowaard Heerhugowaard, Noord Holland,53.246,39.25,1277.40,13.100,Heerhugowaard,Heerhugowaard
 Heerlen Heerlen, Limburg,88.202,45.04,2001.00,12.300,Heerlen,Stadsdelen. Heerlerbaan. Heerlerheide. Hoensbroek
 Heeze Leende Heeze Leende, Noord Brabant,15.376,103.93,145.72,14.600,Heeze,Heeze. Leende
 Heiloo Heiloo, Noord Holland,22.626,18.79,1170.09,15.500,Heiloo,Heiloo
 Hellendoorn Hellendoorn, Overijssel,35.697,138.15,261.20,12.300,Nijverdal,Hellendoorn. Nijverdal
 Hellevoetsluis Hellevoetsluis, Zuid Holland,38.918,31.57,1255.56,13.500,Hellevoetsluis,Nieuw Helvoet
 Helmond Helmond, Noord Brabant,89.346,53.20,1622.99,12.300,Helmond,Stiphout
 Hendrik Ido Ambacht Hendrik Ido Ambacht, Zuid Holland,28.952,10.73,2313.89,13.400,Hendrik Ido Ambacht,Hendrik Ido Ambacht
 Hengelo Hengelo, Overijssel,80.975,61.06,1330.66,12.600,Hengelo,Hengelo. Beckum
 Het Bildt het Bildt, Friesland,10.633,92.28,119.30,11.500,Sint Annaparochie,Minnertsga. Sint Annaparochie. Sint Jacobiparochie
 Heumen Heumen, Gelderland,16.342,39.89,417.52,14.000,Malden,Malden
 Heusden Heusden, Noord Brabant,43.180,78.88,542.81,13.200,Heusden-gem-heusden,Vlijmen en Drunen.Heusden-gem-heusden. Drunen. Heusden. Vlijmen
 Hillegom Hillegom, Zuid Holland,20.987,12.87,1580.34,14.100,Hillegom,Hillegom
 Hilvarenbeek Hilvarenbeek, Noord Brabant,15.082,94.92,158.92,13.700,Hilvarenbeek,Diessen. Hilvarenbeek
 Hilversum Hilversum, Noord Holland,86.574,45.59,1835.05,15.100,Hilversum,Hilversum
 Hof van Twente Hof van Twente, Overijssel,34.987,213.18,164.93,13.100,Goor,Delden. Goor. Markelo
 Hollands Kroon Hollands Kroon, Noord Holland,47.501,357.60,188.71,12.759,Anna Paulowna,Barsingerhorn. Stede Niedorp. Wieringen. Winkel
 Hoogeveen Hoogeveen, Drenthe,54.680,127.77,426.38,11.900,Hoogeveen,Hollandscheveld. Elim
 Hoogezand Sappemeer Hoogezand Sappemeer, Groningen,34.360,67.53,509.03,11.700,Hoogezand,Hoogezand. Sappemeer
 Hoorn Hoorn, Noord Holland,71.741,19.31,3537.86,13.300,Hoorn,Hoorn
 Horst aan de Maas Horst aan de Maas, Limburg,41.718,122.55,338.12,12.600,Horst,Horst. Sevenum. Grubbenvorst. America. Tienray
 Houten Houten, Utrecht,48.427,55.71,826.74,14.200,Houten,Houten
 Huizen Huizen, Noord Holland,41.239,15.77,2660.94,14.700,Huizen,Huizen
 Hulst Hulst, Zeeland,27.402,201.48,138.91,13.100,Hulst,Hulst. Clinge. Kloosterzande. Sint Jansteen
 IJsselstein IJsselstein, Utrecht,34.268,21.17,1605.01,13.900,IJsselstein,IJsselstein
 Kaag en Braassem Kaag en Braassem, Zuid Holland,25.758,63.47,399.39,,Roelofarendsveen,Hoogmade. Leimuiden. Oude Wetering. Roelofarendsveen. Woubrugge
 Kampen Kampen, Overijssel,51.069,141.34,349.46,11.800,Kampen,Kampen
 Kapelle Kapelle, Zeeland,12.508,37.14,323.80,12.900,Kapelle,Biezelinge. Kapelle. Wemeldinge
 Katwijk Katwijk, Zuid Holland,62.825,24.65,2472.66,12.500,Katwijk,Katwijk. aan Zee. Rijnsburg. Valkenburg
 Kerkrade Kerkrade, Limburg,46.773,21.93,2211.08,12.000,Kerkrade,Kerkrade
 Koggenland Koggenland, Noord Holland,22.473,80.85,263.71,13.300,De Goorn,Avenhorn. De Goorn. Hensbroek. Obdam. Ursem
 Kollumerland en Nieuwkruisland Kollumerland en Nieuwkruisland, Friesland,12.856,109.89,119.29,11.200,Kollum,Kollum. Kollumerzwaag
 Korendijk Korendijk, Zuid Holland,10.693,77.91,139.78,13.400,Piershil,Goudswaard. Nieuw Beijerland. Zuid Beijerland
 Krimpen aan den IJssel Krimpen aan den IJssel, Zuid Holland,28.814,7.83,3672.80,13.900,Krimpen aan den IJssel,Krimpen aan den IJssel
 Laarbeek Laarbeek, Noord Brabant,21.815,55.36,393.52,13.000,Beek en Donk,Aarle Rixtel. Beek en Donk. Lieshout
 Landerd Landerd, Noord Brabant,15.262,70.40,209.36,12.900,Zeeland,Schaijk. Zeeland
 Landgraaf Landgraaf, Limburg,37.530,24.60,1577.24,12.500,Landgraaf,Landgraaf. Nieuwenhagen. Schaesberg. Ubach over Worms
 Landsmeer Landsmeer, Noord Holland,10.457,22.54,453.46,15.500,Landsmeer,Landsmeer
 Langedijk Langedijk, Noord Holland,26.984,24.15,1075.07,13.500,Broek op Langedijk,Broek op Langedijk. Sint Pancras. Noord Scharwoude. Zuid Scharwoude
 Lansingerland Lansingerland, Zuid Holland,57.188,54.00,900.04,14.600,Bergschenhoek,Bergschenhoek. Berkel en Rodenrijs. Bleiswijk
 Laren Laren, Noord Holland,10.846,12.22,896.48,20.000,Laren,Laren
 Leek Leek, Groningen,19.607,63.57,303.95,12.400,Leek,Leek. Tolbert. Zevenhuizen
 Leerdam Leerdam, Zuid Holland,20.586,33.79,609.97,12.400,Leerdam,Leerdam
 Leeuwarden Leeuwarden, Friesland,108.113,151.70,713,12.300,Leeuwarden,Goutum. Leeuwarden. Wirdum
 Leeuwarderadeel Leeuwarderadeel, Friesland,10.275,40.79,254.79,12.200,Stiens,Britsum. Stiens
 Leiden Leiden, Zuid Holland,121.199,21.95,5372,13.700,Leiden,Leiden
 Leiderdorp Leiderdorp, Zuid Holland,26.788,11.73,2226.77,14.900,Leiderdorp,Leiderdorp
 Leidschendam Voorburg Leidschendam Voorburg, Zuid Holland,73.392,32.82,2221.02,15.600,,Leidschendam. Voorburg
 Lelystad Lelystad, Flevoland,76.170,234.13,309.34,12.400,Lelystad,Lelystad
 Leudal Leudal, Limburg,36.213,162.93,225.99,13.200,Heythuysen,Heythuysen. Haelen. Horn. Neer. Roggel
 Leusden Leusden, Utrecht,28.967,58.68,486.18,15.100,Leusden,Leusden
 Lingewaal Lingewaal, Gelderland,11.059,50.59,214.25,13.400,Asperen,Asperen. Herwijnen. Heukelum. Vuren
 Lingewaard Lingewaard, Gelderland,45.814,62.72,709.04,12.900,Huissen,Bemmel. Gendt. Huissen
 Lisse Lisse, Zuid Holland,22.376,15.70,1405.29,13.700,Lisse,Lisse
 Littenseradeel Littenseradeel, Friesland,10.929,130.74,83.07,12.200,Wommels,Mantgum. Winsum. Wommels
 Lochem Lochem, Gelderland,33.268,213.31,154.16,14.500,Lochem,Eefde. Laren. Lochem
 Loon op Zand Loon op Zand, Noord Brabant,23.104,50.05,454.12,13.200,Kaatsheuvel,Kaatsheuvel
 Lopik Lopik, Utrecht,14.000,75.78,184.97,13.300,Lopik,Lopik. Benschop
 Loppersum Loppersum, Groningen,10.181,111.02,96.64,12.000,Loppersum,Loppersum. Middelstum
 Losser Losser, Overijssel,22.619,98.95,226.95,12.200,Losser,De Lutte. Losser. Overdinkel
 Maasdonk Maasdonk, Noord Brabant,11.222,37.23,303.01,12.800,Geffen,Geffen. Nuland
 Maasdriel Maasdriel, Gelderland,24.197,66.27,355.17,13.300,Kerkdriel,Ammerzoden. Hedel. Kerkdriel. Rossum
 Maasgouw Maasgouw, Limburg,23.888,45.99,533.14,13.200,Maasbracht,Heel. Linne. Maasbracht
 Maassluis Maassluis, Zuid Holland,32.097,8.60,3654.53,13.500,Maassluis,Maassluis
 Maastricht Maastricht, Limburg,122.331,56.80,2069.51,12.500,Maastricht,Maastricht
 Marum Marum, Groningen,10.350,64.51,156.21,12.200,Marum,Marum. De Wilp
 Medemblik Medemblik, Noord Holland,43.331,121.81,355,13.400,Wognum,Abbekerk. Medemblik. Midwoud. Nibbixwoud. Wognum
 Meerssen Meerssen, Limburg,19.259,27.15,726.56,13.700,Meerssen,Meerssen. Bunde. Ulestraten
 Menaldumadeel Menaldumadeel, Friesland,13.653,69.02,199.33,12.200,Menaam,Berlikum. Dronrijp. Marssum. Menaldum
 Menterwolde Menterwolde, Groningen,12.250,80.37,155.82,11.700,Muntendam,Muntendam. Zuidbroek. Noordbroek
 Meppel Meppel, Drenthe,32.875,55.68,561.98,12.800,Meppel,Nijeveen
 Middelburg Middelburg, Zeeland,47.660,48.64,988.38,12.900,Middelburg,Middelburg. Middelburg. Nieuw  en Sint Joosland
 Midden Delfland Midden Delfland, Zuid Holland,18.449,47.45,369.34,14.200,Schipluiden,Den Hoorn. Maasland. Schipluiden
 Midden Drenthe Midden Drenthe, Drenthe,33.368,341.53,98.16,12.400,Beilen,Beilen. Westerbork. Hoogersmilde. Smilde
 Mill en Sint Hubert Mill en Sint Hubert, Noord Brabant,10.843,52.22,210.44,12.000,,Langenboom. Mill
 Millingen aan de Rijn Millingen aan de Rijn, Gelderland,5.883,8.67,679.93,12.100,,Millingen aan de Rijn
 Moerdijk Moerdijk, Noord Brabant,36.775,159.10,230.78,13.400,,Fijnaart/Heijningen. Klundert. Willemstad. Zevenbergen
 Molenwaard Molenwaard, Zuid Holland,29.043,118.58,245.38,12.500,,Bleskensgraaf-ca. Groot Ammers en Nieuw Lekkerland
 Montferland Montferland, Gelderland,34.985,105.63,332.30,12.500,,Didam. 's Heerenberg. Beek. Zeddam
 Montfoort Montfoort, Utrecht,13.639,37.75,356.66,13.800,,Montfoort. Linschoten
 Mook en Middelaar Mook en Middelaar, Limburg,7.783,17.38,463.18,14.800,,Molenhoek. Mook
 Muiden Muiden, Noord Holland,6.286,14.45,460.07,17.700,,Muiden. Muiderberg
 Naarden Naarden, Noord Holland,17.201,21.38,804.86,18.400,,Naarden
 Neder Betuwe Neder Betuwe, Gelderland,22.591,61.12,365.64,11.600,,Dodewaard. Kesteren. Ochten. Opheusden
 Nederlek Nederlek, Zuid Holland,14.095,27.84,519.40,14.000,,Krimpen aan de Lek. Lekkerkerk
 Nederweert Nederweert, Limburg,16.773,100.28,166.03,12.500,,Ospel
 Neerijnen Neerijnen, Gelderland,12.022,66.03,179.07,13.200,,Haaften. Waardenburg
 Nieuwegein Nieuwegein, Utrecht,61.017,23.72,2608.90,14.000,,Nieuwegein
 Nieuwkoop Nieuwkoop, Zuid Holland,27.114,91.18,901.95,14.100,,Nieuwkoop. Ter Aar
 Nijkerk Nijkerk, Gelderland,40.600,69.51,560.71,13.400,,Nijkerk. Hoevelaken. Nijkerkerveen
 Nijmegen Nijmegen, Gelderland,168.499,53.59,3007.59,12.600,,Oosterhout. Lent. Nijmegen. Dukenburg. Lindenholt
 Noord Beveland Noord Beveland, Zeeland,7.508,86.08,84.55,13.400,,Colijnsplaat. Kamperland. Kortgene. Wissenkerke
 Noordenveld Noordenveld, Drenthe,31.110,201.22,155.60,13.400,,Norg. Peize. Roden
 Noordoostpolder Noordoostpolder, Flevoland,46.372,460.05,99.57,11.800,,Emmeloord. Marknesse. Ens
 Noordwijk Noordwijk, Zuid Holland,25.689,35.41,701.24,15.000,,Noordwijk
 Noordwijkerhout Noordwijkerhout, Zuid Holland,15.982,22.60,677.26,13.800,,De Zilk. Noordwijkerhout
 Nuenen. Gerwen en Nederwetten Nuenen c.a., Noord Brabant,22.596,33.88,669.54,15.200,,Nuenen. Gerwen. Nederwetten
 Nunspeet Nunspeet, Gelderland,26.707,128.73,205.97,12.400,,Elspeet. Nunspeet
 Nuth Nuth, Limburg,15.577,33.15,479.16,13.800,,Nuth. Hulsberg. Schimmert
 Oegstgeest Oegstgeest, Zuid Holland,22.855,7.21,3054.51,16.800,,Oegstgeest
 Oirschot Oirschot, Noord Brabant,17.989,101.75,175.71,13.400,,Oirschot
 Oisterwijk Oisterwijk, Noord Brabant,25.835,63.91,402.64,14.300,,Moergestel. Oisterwijk
 Oldambt Oldambt, Groningen,38.558,234.46,168,,,Beerta. Finsterwolde. Heiligerlee. Midwolda. Nieuweschans. Scheemda. Winschoten
 Oldebroek Oldebroek, Gelderland,22.824,97.63,233.36,12.000,,Oldebroek. Wezep
 Oldenzaal Oldenzaal, Overijssel,32.152,21.59,1459.56,12.800,,Oldenzaal
 Olst Wijhe Olst Wijhe, Overijssel,17.760,114.16,151.52,12.600,Olst,Boskamp. Olst. Wesepe. Wijhe
 Ommen Ommen, Overijssel,17.370,179.99,96.32,12.900,,Emsland. Lemele. Ommen. Ommerbosch. Rotbrink
 Onderbanken Onderbanken, Limburg,7.882,21.18,391.27,12.000,,Schinveld
 Oost Gelre Oost Gelre, Gelderland,29.648,83.07,360.38,12.300,,Lichtenvoorde. Groenlo
 Oosterhout Oosterhout, Noord Brabant,53.733,71.59,746.92,13.600,,Oosterhout
 Ooststellingwerf Ooststellingwerf, Friesland,25.672,224.38,116.88,11.900,,Appelscha. Donkerbroek. Haulerwijk. Oosterwolde
 Oostzaan Oostzaan, Noord Holland,9.154,11.49,801.65,14.200,,Oostzaan
 Opmeer Opmeer, Noord Holland,11.374,41.66,269.83,13.100,,Hoogwoud. Opmeer. Spanbroek
 Opsterland Opsterland, Friesland,29.894,225.07,131.68,12.500,,Beetsterzwaag. Gorredijk. Ureterp. Wijnjewoude
 Oss Oss, Noord Brabant,85.039,152.50,555.17,13.000,,Oss
 Oud Beijerland Oud Beijerland, Zuid Holland,23.727,18.76,1279.42,13.700,,Oud Beijerland
 Oude IJsselstreek Oude IJsselstreek, Gelderland,39.614,136.47,292.68,12.100,,Gendringen. Silvolde. Terborg. Ulft. Varsseveld
 Ouder Amstel Ouder Amstel, Noord Holland,13.255,24.12,541.96,16.300,,Duivendrecht. Ouderkerk aan de Amstel
 Ouderkerk Ouderkerk, Zuid Holland,8.188,27.11,302.40,13.200,,Gouderak. Ouderkerk aan den IJssel
 Oudewater Oudewater, Utrecht,9.868,39.34,252.11,14.300,,Oudewater
 Overbetuwe Overbetuwe, Gelderland,46.653,109.59,397.91,13.000,,Elst. Heteren. Zetten
 Papendrecht Papendrecht, Zuid Holland,32.140,9.47,3322.70,13.600,,Papendrecht
 Peel en Maas Peel en Maas, Limburg,43.298,161.3,271, ,,Baarlo. Helden. Kessel. Maasbree. Panningen
 Pekela Pekela, Groningen,12.733,49.12,270.22,11.100,,Oude Pekela. Nieuwe Pekela
 Pijnacker Nootdorp Pijnacker Nootdorp, Zuid Holland,51.068,37.65,1150.07,14.300,,Delfgauw. Nootdorp. Pijnacker
 Purmerend Purmerend, Noord Holland,79.552,23.74,3283.78,13.200,,Purmerend
 Putten Putten, Gelderland,24.044,85.03,271.13,13.000,,Putten. Krachtighuizen
 Raalte Raalte, Overijssel,36.526,171.28,218.19,12.500,,Heino. Raalte
 Reimerswaal Reimerswaal, Zeeland,21.915,102.23,207.29,11.800,,Krabbendijke. Kruiningen. Rilland. Yerseke
 Renkum Renkum, Gelderland,31.577,46.02,686.98,15.300,,Oosterbeek. Renkum
 Renswoude Renswoude, Utrecht,4.928,18.43,243.79,12.300,,Renswoude
 Reusel De Mierden Reusel De Mierden, Noord Brabant,12.728,77.93,158.63,13.000,,Hooge Mierde. Lage Mierde. Reusel
 Rheden Rheden, Gelderland,43.563,81.79,535.97,13.900,,Dieren. Rheden. Velp
 Rhenen Rhenen, Utrecht,19.123,42.07,443.48,13.400,,Rhenen. Elst. Achterberg
 Ridderkerk Ridderkerk, Zuid Holland,45.207,23.75,1882.11,13.700,,Bolnes. Ridderkerk. Slikkerveer
 Rijnwaarden Rijnwaarden, Gelderland,10.926,40.42,271.35,11.700,,Herwen. Lobith. Pannerden
 Rijssen Holten Rijssen Holten, Overijssel,37.696,94.18,389.63,11.800,,Holten. Rijssen
 Rijswijk Rijswijk, Zuid Holland,47.680,14.05,3348.19,15.200,,Rijswijk
 Roerdalen Roerdalen, Limburg,20.808,88.16,240.69,12.900,,Posterholt. Herkenbosch. Melick. Sint Odili?nberg. Montfort. Vlodrop
 Roermond Roermond, Limburg,57.030,61.02,890.63,12.500,,Roermond. Swalmen. Herten. Maasniel
 Roosendaal Roosendaal, Noord Brabant,76.930,106.43,728.06,12.800,,Roosendaal. Wouw
 Rotterdam Rotterdam, Zuid Holland,618.467,206.44,2822.79,12.500,Rotterdam,Rotterdam ? Hoogvliet ? Hoek van Holland ? Pernis ? Rozenburg
 Rozendaal Rozendaal, Gelderland,1.500,27.92,54.87,19.000,,Rozendaal
 Rucphen Rucphen, Noord Brabant,22.213,64.44,347.59,13.000,,Rucphen. Sint Willebrord. Sprundel. Zegge
 Schagen Schagen, Noord Holland,46.016,168.05,278.95,13.345,,Callantsoog. Petten. Schagen. Schagerbrug. Tuitjenhorn. Waarland. Warmenhuizen. 't Zand
 Schermer Schermer, Noord Holland,5.521,61.55,84.71,14.000,,Driehuizen. Grootschermer. Oterleek. Schermerhorn. Stompetoren. Ursem
 Scherpenzeel Scherpenzeel, Gelderland,9.496,13.81,648.37,12.800,,Scherpenzeel
 Schiedam Schiedam, Zuid Holland,76.487,18.13,4138.39,12.600,,Schiedam
 Schiermonnikoog Schiermonnikoog, Friesland,1938,40.54,23.11,14.200,,Schiermonnikoog
 Schijndel Schijndel, Noord Brabant,23.360,41.54,549.88,13.000,,Schijndel
 Schinnen Schinnen, Limburg,12.961,24.08,557.23,13.200,,Amstenrade. Doenrade. Oirsbeek. Puth. Schinnen
 Schoonhoven Schoonhoven, Zuid Holland,11.896,6.34,1919.72,13.400,,Schoonhoven
 Schouwen Duiveland Schouwen Duiveland, Zeeland,33.821,231.07,147.58,13.500,,Bruinisse. Burgh Haamstede. Nieuwerkerk. Zierikzee
 Simpelveld Simpelveld, Limburg,10.844,16.03,707.11,12.600,,Bocholtz. Simpelveld
 Sint Anthonis Sint Anthonis, Noord Brabant,11.696,99.32,118.52,13.000,,Oploo. Sint Anthonis. Wanroij
 Sint Michielsgestel Sint Michielsgestel, Noord Brabant,28.186,58.97,473.39,13.800,,Berlicum. Den Dungen. Middelrode. Sint Michielsgestel
 Sint Oedenrode Sint Oedenrode, Noord Brabant,17.944,64.49,267.06,13.200,,Sint Oedenrode
 Sittard Geleen Sittard Geleen, Limburg,93.806,79.09,1214.11,12.800,,Born. Geleen. Guttecoven. Munstergeleen. Sittard
 Sliedrecht Sliedrecht, Zuid Holland,24.528,12.78,1856.26,12.700,,Sliedrecht
 Slochteren Slochteren, Groningen,15.535,152.28,101.16,12.500,,Siddeburen. Slochteren. Harkstede
 Sluis Sluis, Zeeland,23.795,280.27,86.95,13.200,,Aardenburg. Breskens. Oostburg. Sluis
 Smallingerland Smallingerland, Friesland,55.496,118.48,464.31,12.200,,Boornbergum. Drachten. Opeinde. Oudega
 Soest Soest, Utrecht,45.430,46.26,981.26,14.800,,Soest. Soesterberg
 Someren Someren, Noord Brabant,18.700,80.06,226.42,12.500,,Lierop. Someren. Someren Eind
 Son en Breugel Son en Breugel, Noord Brabant,16.241,25.93,593.79,14.900,,Breugel. Son
 Spijkenisse Spijkenisse, Zuid Holland,72.562,26.16,2818.96,13.100,,Spijkenisse
 Stadskanaal Stadskanaal, Groningen,32.793,117.85,288.90,11.500,,Stadskanaal. Musselkanaal. Onstwedde
 Staphorst Staphorst, Overijssel,16.365,134.29,119.06,11.400,,IJhorst. Rouveen. Staphorst
 Stede Broec Stede Broec, Noord Holland,21.474,14.77,1447.39,12.600,,Bovenkarspel. Grootebroek. Lutjebroek
 Steenbergen Steenbergen, Noord Brabant,23.409,146.61,158.58,13.300,,Dinteloord. Kruisland. Nieuw Vossemeer. Steenbergen
 Steenwijkerland Steenwijkerland, Overijssel,43.372,291.12,148.33,12.100,,Steenwijk
 Stein Stein, Limburg,25.348,21.21,1237.53,13.000,,Berg aan de Maas. Elsloo. Stein. Urmond
 Stichtse Vecht Stichtse Vecht, Utrecht,63.823,106.83,587.77,14.790,,Breukelen. Loenen. Maarssen
 Strijen Strijen, Zuid Holland,8.678,51.23,178.10,13.800,,Strijen
 S?dwest Frysl?n S?dwest Frysl?n, Friesland,84.258,433.09,189.99,,,Sneek. Bolsward
 Ten Boer Ten Boer, Groningen,7.465,45.25,160.27,12.100,Ten Boer,Ten Boer
 Terneuzen Terneuzen, Zeeland,54.711,251.44,219.78,13.100,,Axel. Hoek. Sas van Gent. Terneuzen
 Terschelling Terschelling, Friesland,4.769,88.10,53.35,13.400,,West Terschelling
 Texel Texel, Noord Holland,13.566,161.96,84.14,12.400,,De Koog. Den Burg. Oosterend. Oudeschild
 Teylingen Teylingen, Zuid Holland,35.723,28.65,1227.82,14.800,,Sassenheim. Voorhout. Warmond
 Tholen Tholen, Zeeland,25.398,147.81,170.64,11.900,,Sint Annaland. Sint Maartensdijk. Sint Philipsland. Tholen
 Tiel Tiel, Gelderland,41.729,32.31,1277.41,12.300,,Tiel
 Tietjerksteradeel Tietjerksteradeel, Friesland,31.980,149.67,215.59,12.500,,Burgum. Giekerk. Hardegarijp. Noordbergum
 Tilburg Tilburg, Noord Brabant,210.382,116.69,1730.53,12.500,,Berkel Enschot. Udenhout
 Tubbergen Tubbergen, Overijssel,21.216,146.98,140.84,12.000,,Albergen. Geesteren. Harbrinkhoek. Langeveen. Reutum. Tubbergen
 Twenterand Twenterand, Overijssel,33.939,106.31,314.64,11.400,,Den Ham. Vriezenveen. Vroomshoop. Westerhaar Vriezenveensewijk
 Tynaarlo Tynaarlo, Drenthe,32.506,143.73,221.13,14.000,,Eelde. Paterswolde. Zuidlaren
 Ubbergen Ubbergen, Gelderland,9.432,34.02,273.84,14.000,,Beek. Berg en Dal. Leuth. Ooij. Ubbergen
 Uden Uden, Noord Brabant,40.934,67.13,598.12,13.100,,Uden. Volkel. Odiliapeel
 Uitgeest Uitgeest, Noord Holland,13.242,19.18,633.11,13.900,,Uitgeest
 Uithoorn Uithoorn, Noord Holland,28.407,18.30,1490.87,14.700,,De Kwakel. Uithoorn
 Urk Urk, Flevoland,19.487,11.54,1532.84,9.400,,Urk
 Utrecht (gemeente) Utrecht, Utrecht,328.577,95.67,3135.78,13.600,,Utrecht. Oost. Leidsche Rijn. West. Overvecht. Zuid. Noordoost. Zuidwest. Noordwest. Vleuten De Meern
 Utrechtse Heuvelrug Utrechtse Heuvelrug, Utrecht,47.939,132.38,369.25,15.900,,Driebergen Rijsenburg. Doorn. Leersum. Amerongen. Maarn
 Vaals Vaals, Limburg,9.682,23.89,411.22,11.700,,Lemiers. Vaals. Vijlen
 Valkenburg aan de Geul Valkenburg a/d Geul, Limburg,16.668,36.73,466.49,13.300,Valkenburg,Valkenburg. Berg. Broekhem. Houthem. Schin op Geul. Sibbe. Valkenburg
 Valkenswaard Valkenswaard, Noord Brabant,30.353,55.01,561.59,13.500,,Dommelen. Valkenswaard
 Veendam Veendam, Groningen,27.795,76.24,368.39,12.000,,Veendam. Wildervank
 Veenendaal Veenendaal, Utrecht,63.207,19.61,3151.56,12.500,,Veenendaal
 Veere Veere, Zeeland,21.882,132.94,165.77,13.000,,Koudekerke. Oostkapelle. Serooskerke. Westkapelle
 Veghel Veghel, Noord Brabant,37.550,78.18,470.30,13.200,,Erp. Veghel. Zijtaart
 Veldhoven Veldhoven, Noord Brabant,44.136,31.72,1361.38,13.600,,Meerveldhoven. Oerle. Veldhoven Dorp. Zeelst
 Velsen Velsen, Noord Holland,67.231,44.42,1519.95,13.800,,IJmuiden. Driehuis. Santpoort. Velsen Zuid. Velsen Noord. Velserbroek
 Venlo Venlo, Limburg,100.381,124.34,803,12.300,,Arcen. Belfeld. Blerick. Tegelen. Velden. Venlo
 Venray Venray, Limburg,43.120,145.70,268.61,12.700,,Blitterswijck. Leunen. Oostrum. Venray. Wanssum. Ysselsteyn
 Vianen Vianen, Utrecht,19.573,39.47,499.14,13.900,,Vianen
 Vlaardingen Vlaardingen, Zuid Holland,71.059,23.76,2993.22,13.200,,Vlaardingen
 twedde twedde, Groningen,15.899,167.74,98.27,11.300,,Ter Apel. twedde. Sellingen
 Vlieland Vlieland, Friesland,1.097,40.01,28.54,13.300,,Oost Vlieland
 Vlissingen Vlissingen, Zeeland,44.450,34.14,1313.01,12.600,,Oost Souburg. Vlissingen. West Souburg
 Vlist Vlist, Zuid Holland,9.706,53.79,182.38,13.700,,Stolwijk. Haastrecht
 Voerendaal Voerendaal, Limburg,12.447,31.54,407.77,13.900,,Klimmen. Kunrade. Ransdaal. Ubachsberg. Voerendaal
 Voorschoten Voorschoten, Zuid Holland,24.941,11.21,2030.51,16.100,,Voorschoten
 Voorst Voorst, Gelderland,23.801,123.11,191.67,13.200,,Twello
 Vught Vught, Noord Brabant,25.626,33.50,753.94,15.100,,Vught
 Waalre Waalre, Noord Brabant,16.804,22.44,495.76,16.100,,Aalst. Waalre dorp
 Waalwijk Waalwijk, Noord Brabant,46.515,64.69,705.02,13.200,,'s Grevelduin Capelle. Sprang Capelle. Waalwijk. Waspik
 Waddinxveen Waddinxveen, Zuid Holland,25.520,27.87,924.90,14.000,,Waddinxveen
 Wageningen Wageningen, Gelderland,37.511,30.53,1162.86,12.100,,Wageningen
 Wassenaar Wassenaar, Zuid Holland,25.786,50.85,504.78,20.400,,Wassenaar
 Waterland Waterland, Noord Holland,17.154,52.10,329.04,15.400,,Broek in Waterland. Ilpendam. Marken. Monnickendam
 Weert Weert, Limburg,48.727,104.66,462.39,13.000,,Stramproy. Weert
 Weesp Weesp, Noord Holland,18.231,20.58,851.94,14.600,,Weesp
 Werkendam Werkendam, Noord Brabant,26.400,105.00,252.07,13.200,,Dussen. Hank. Nieuwendijk. Sleeuwijk. Werkendam
 West Maas en Waal West Maas en Waal, Gelderland,18.391,77.45,235.91,13.100,,Beneden Leeuwen. Boven Leeuwen. Dreumel. Wamel
 Westerveld Westerveld, Drenthe,18.902,278.99,69.29,13.600,,Diever. Dwingeloo. Havelte
 Westervoort Westervoort, Gelderland,15.147,7.11,2180.59,12.300,,Westervoort
 Westland Westland, Zuid Holland,103.335,79.90,1239.89,13.600,,De Lier. 's Gravenzande. Monster. Naaldwijk. Wateringen
 Weststellingwerf Weststellingwerf, Friesland,25.487,222.15,114.54,12.000,,Noordwolde. Oldeholtpade. Steggerda. Wolvega
 Westvoorne Westvoorne, Zuid Holland,13.977,53.46,263.37,16.300,,Oostvoorne. Rockanje
 Wierden Wierden, Overijssel,23.906,94.68,246.10,12.600,,Enter
 Wijchen Wijchen, Gelderland,41.010,66.83,591.99,12.900,,Alverna. Wijchen. Woezik
 Wijdemeren Wijdemeren, Noord Holland,23.170,48.02,489.69,15.500,,Kortenhoef. Nieuw Loosdrecht. Nederhorst den Berg
 Wijk bij Duurstede Wijk bij Duurstede, Utrecht,23.031,47.62,490.19,13.700,,Wijk bij Duurstede. Cothen
 Winsum Winsum, Groningen,13.843,101.09,138.18,12.300,,Winsum. Baflo. Sauwerd
 Winterswijk Winterswijk, Gelderland,28.873,138.25,212.01,11.900,,Meddo. Winterswijk
 Woensdrecht Woensdrecht, Noord Brabant,21.654,91.85,235.19,13.000,,Hoogerheide. Ossendrecht. Putte
 Woerden Woerden, Utrecht,50.607,89.53,538.17,14.200,,Woerden. Harmelen
 Wormerland Wormerland, Noord Holland,15.751,38.80,408.51,13.600,,Wormer
 Woudenberg Woudenberg, Utrecht,12.386,36.47,314.81,13.100,,Woudenberg
 Woudrichem Woudrichem, Noord Brabant,14.407,49.57,289.65,13.000,,Almkerk. Andel. Woudrichem
 Zaanstad Zaanstad, Noord Holland,150.911,74.25,1927.25,13.100,,Assendelft. Krommenie. Wormerveer. Zaandam. Zaandijk
 Zaltbommel Zaltbommel, Gelderland,13.661,79.94,327.70,12.800,,Aalst. Brakel. Bruchem. Gameren. Nederhemert. Zaltbommel. Zuilichem
 Zandvoort Zandvoort, Noord Holland,16.588,32.04,517.32,15.200,,Zandvoort
 Zederik Zederik, Zuid Holland,13.661,73.77,182.38,12.800,,Ameide. Lexmond. Meerkerk
 Zeevang Zeevang, Noord Holland,6.368,38.19,165.36,14.200,,Oosthuizen
 Zeewolde Zeewolde, Flevoland,21.543,248.76,79.42,12.800,,Zeewolde
 Zeist Zeist, Utrecht,61.337,48.53,1241.97,15.700,,Zeist. Den Dolder
 Zevenaar Zevenaar, Gelderland,32.254,53.79,592.06,13.100,,Angerlo. Zevenaar
 Zoetermeer Zoetermeer, Zuid Holland,123.614,34.91,3444.77,13.900,,Zoetermeer
 Zoeterwoude Zoeterwoude, Zuid Holland,8.089,21.24,392.09,13.900,,Zoeterwoude Dorp. Zoeterwoude Rijndijk
 Zuidhorn Zuidhorn, Groningen,18.767,125.62,146.45,12.500,,Zuidhorn. Grijpskerk. Aduard
 Zuidplas Zuidplas, Zuid Holland,40.878,59.36,680,,,Moerkapelle. Moordrecht. Nieuwerkerk aan den IJssel. Zevenhuizen
 Zundert Zundert, Noord Brabant,21.374,120.38,172.78,13.000,,Rijsbergen. Zundert
 Zutphen Zutphen, Gelderland,47.154,41.00,1137.63,12.600,,Zutphen. Warnsveld
 Zwartewaterland Zwartewaterland, Overijssel,22.148,82.76,264.97,11.700,,Genemuiden. Hasselt. Zwartsluis
 Zwijndrecht Zwijndrecht, Zuid Holland,44.546,20.36,2182.91,13.700,,Zwijndrecht. Heerjansdam
 Zwolle Zwolle, Overijssel,123.211,112.11,1044.59,13.100,Zwolle,Zwolle. Aa landen.Assendorp. Diezerpoort. Holtenbroek. Stadshagen. Zwolle Zuid
